#,#,#,#,#,#,#,#,#,#,#,#,#,#,#,#,#,#,#,#
#,.,.,.,.,.,.,.,.,.,.,.,.,.,.,.,.,.,.,#
#,.,.,.,.,.,.,.,.,S,.,.,.,.,.,.,.,.,.,#
#,.,.,.,.,.,.,.,.,.,.,.,.,.,.,.,.,.,.,#
#,.,.,.,S,.,.,.,.,.,.,.,.,.,.,S,.,.,.,#
#,.,.,.,.,.,.,.,.,.,X,.,.,.,.,.,.,.,.,#
#,.,.,.,.,.,X,.,.,.,.,.,.,X,.,.,.,.,.,#
#,.,.,.,.,.,.,.,.,.,.,.,.,.,.,.,.,.,.,#
#,.,.,.,.,.,.,.,.,.,.,.,.,.,.,.,.,.,.,#
#,.,.,.,.,.,.,.,.,.,.,.,.,.,.,.,.,.,.,#
#,.,S,.,.,X,.,.,.,.,.,.,.,.,X,.,.,S,.,#
#,.,.,.,.,.,.,.,.,.,.,.,.,.,.,.,.,.,.,#
#,.,.,.,.,.,.,.,.,.,.,.,.,.,.,.,.,.,.,#
#,.,.,.,.,.,X,.,.,.,.,.,.,X,.,.,.,.,.,#
#,.,.,.,.,.,.,.,.,.,X,.,.,.,.,.,.,.,.,#
#,.,.,.,S,.,.,.,.,.,.,.,.,.,.,S,.,.,.,#
#,.,.,.,.,.,.,.,.,.,.,.,.,.,.,.,.,.,.,#
#,.,.,.,.,.,.,.,.,.,S,.,.,.,.,.,.,.,.,#
#,.,.,.,.,.,.,.,.,.,.,.,.,.,.,.,.,.,.,#
#,#,#,#,#,#,#,#,#,#,#,#,#,#,#,#,#,#,#,#
