#,#,#,#,#,#,#,#,#,#,#,#,#,#,#,#,#,#,#,#,#,#,#,#,#,#,#,#,#,#,#,#,#,#,#,#,#,#,#,#,#,#,#,#,#,#,#,#,#,#,#,#,#,#,#,#,#,#,#,#
#,.,.,.,.,.,.,.,.,.,.,.,.,.,.,.,.,.,.,.,.,.,.,.,.,.,.,.,.,.,.,.,.,.,.,.,.,.,.,.,.,.,.,.,.,.,.,.,.,.,.,.,.,.,.,.,.,.,.,#
#,.,.,.,.,.,.,.,.,.,.,.,.,.,.,.,.,.,.,.,.,.,.,.,.,.,.,.,.,.,.,.,.,.,.,.,.,.,.,.,.,.,.,.,.,.,.,.,.,.,.,.,.,.,.,.,.,.,.,#
#,.,.,.,.,.,.,.,.,.,.,.,.,.,.,.,.,.,.,.,.,.,.,.,.,.,.,.,.,.,.,.,.,.,.,.,.,.,.,.,.,.,.,.,.,.,.,.,.,.,.,.,.,.,.,.,.,.,.,#
#,.,.,.,.,.,.,.,.,.,.,.,.,.,.,.,.,.,.,.,.,.,.,.,.,.,.,.,.,S,.,.,.,.,.,.,.,.,.,.,.,.,.,.,.,.,.,.,.,.,.,.,.,.,.,.,.,.,.,#
#,.,.,.,.,.,.,.,.,.,.,.,.,.,.,.,.,.,.,.,.,.,.,.,.,.,.,.,.,.,.,.,.,.,.,.,.,.,.,.,.,.,.,.,.,.,.,.,.,.,.,.,.,.,.,.,.,.,.,#
#,.,.,.,.,.,.,.,.,.,.,.,.,.,.,.,.,.,.,.,S,.,.,.,.,.,.,.,.,.,.,.,.,.,.,.,.,.,.,S,.,.,.,.,.,.,.,.,.,.,.,.,.,.,.,.,.,.,.,#
#,.,.,.,.,.,.,#,#,#,#,.,.,.,.,.,.,.,.,.,.,.,.,.,.,.,.,.,.,.,.,.,.,.,.,.,.,.,.,.,.,.,.,.,.,.,.,.,.,.,.,.,.,.,.,.,.,.,.,#
#,.,.,.,.,.,.,#,#,#,#,.,.,.,.,.,.,.,.,.,.,.,.,.,.,.,.,.,.,.,.,.,.,.,.,.,.,.,.,.,.,.,.,.,.,.,.,.,.,.,.,.,.,.,.,.,.,.,.,#
#,.,.,.,.,.,.,.,.,.,.,.,.,.,.,.,.,.,.,.,.,.,.,.,.,.,.,.,.,.,.,.,.,.,.,.,.,.,.,.,.,.,.,.,.,.,.,.,.,.,.,.,.,.,.,.,.,.,.,#
#,.,.,.,.,.,.,.,.,.,.,.,.,.,.,.,.,.,.,.,.,.,.,.,.,.,.,.,.,.,.,.,.,.,.,.,.,.,.,.,.,.,.,.,.,.,.,.,.,.,.,.,.,.,.,.,.,.,.,#
#,.,.,.,.,.,.,.,.,.,.,S,.,.,.,.,.,.,.,.,.,.,.,.,.,.,.,.,.,.,.,.,.,.,.,.,.,.,.,.,.,.,.,.,.,.,.,.,S,.,.,.,.,.,.,.,.,.,.,#
#,.,.,.,.,.,.,.,.,.,.,.,.,.,.,.,.,.,.,.,.,.,.,.,.,.,.,.,.,.,.,.,.,.,.,.,.,.,.,.,.,.,.,.,.,.,.,.,.,.,.,.,.,.,.,.,.,.,.,#
#,.,.,.,.,.,.,.,.,.,.,.,.,.,.,.,.,.,.,.,.,.,.,.,.,.,.,.,.,X,.,.,.,.,.,.,.,#,#,#,.,.,.,.,.,.,.,.,.,.,.,.,.,.,.,.,.,.,.,#
#,.,.,.,.,.,.,.,.,.,.,.,.,.,.,.,.,.,.,.,.,.,.,X,.,.,.,.,.,.,.,.,.,.,.,.,X,#,#,#,.,.,#,#,#,.,.,.,.,.,.,.,.,.,.,.,.,.,.,#
#,.,.,.,.,.,.,.,.,.,.,.,.,.,.,.,.,.,.,.,.,.,.,.,.,.,.,.,.,.,.,.,.,.,.,.,.,#,#,#,.,.,#,#,#,.,.,.,.,.,.,.,.,.,.,.,.,.,.,#
#,.,.,.,.,.,.,.,.,.,.,.,.,.,.,.,.,.,.,.,.,.,.,.,.,.,.,.,.,.,.,.,.,.,.,.,.,.,b,b,.,.,.,.,.,.,.,.,.,.,.,.,.,.,.,.,.,.,.,#
#,.,.,.,.,.,.,.,.,.,.,.,.,.,.,.,.,.,.,.,.,.,.,.,.,.,.,.,.,.,.,.,.,.,.,.,.,.,b,b,.,.,.,.,.,.,.,.,.,.,.,.,.,.,.,.,.,.,.,#
#,.,.,.,.,.,.,.,.,.,.,.,.,.,.,.,.,.,X,.,.,.,.,.,.,.,.,.,.,.,.,.,.,.,.,.,.,.,.,.,.,X,.,.,.,.,.,.,.,.,.,.,.,.,.,.,.,.,.,#
#,.,.,.,.,.,.,.,.,.,.,.,.,.,.,.,.,.,.,.,.,.,.,.,.,.,.,.,.,.,.,.,.,#,#,#,#,.,.,.,.,.,.,.,.,.,.,.,.,.,.,.,.,.,.,.,.,.,.,#
#,.,.,.,.,.,S,.,.,.,.,.,.,.,.,.,.,.,.,.,.,.,.,.,.,.,.,.,#,#,#,#,.,#,#,#,#,#,.,.,.,.,.,.,.,.,.,.,.,.,.,.,.,S,.,.,.,.,.,#
#,.,.,.,.,.,.,.,.,.,.,.,.,.,.,.,.,.,.,.,.,.,.,.,.,.,.,.,#,#,#,#,.,.,#,#,#,#,.,.,.,.,.,.,.,.,.,.,.,.,.,.,.,.,.,.,.,.,.,#
#,.,.,.,.,.,.,.,.,.,.,.,.,.,.,.,.,.,.,.,.,.,.,.,.,.,.,.,.,.,.,.,.,.,#,#,#,#,.,.,.,.,.,.,.,.,.,.,.,.,.,.,.,.,.,.,.,.,.,#
#,.,.,.,.,.,.,.,.,.,.,.,.,.,X,.,.,.,.,.,.,.,.,.,.,.,.,.,.,.,.,.,.,.,.,.,.,.,.,.,.,.,.,.,.,X,.,.,.,.,.,.,.,.,.,.,.,.,.,#
#,.,.,.,.,.,.,.,.,.,.,.,.,.,.,.,.,.,.,.,.,.,.,.,.,.,.,.,.,.,.,.,.,.,.,.,.,.,.,.,.,.,.,.,.,.,.,.,.,.,.,.,.,.,.,.,.,.,.,#
#,.,.,.,.,.,.,.,.,.,.,.,.,.,.,.,.,.,.,.,.,.,.,.,b,b,b,.,.,.,.,.,.,.,.,.,.,.,.,.,.,.,.,.,.,.,.,.,.,.,.,b,b,.,.,.,.,.,.,#
#,.,.,.,.,.,.,.,.,.,.,.,.,.,.,.,.,.,.,.,.,.,.,.,b,b,b,.,.,.,.,.,.,.,.,.,.,.,.,.,.,.,.,.,.,.,.,.,.,.,.,b,b,.,.,.,.,.,.,#
#,.,.,.,.,.,.,.,.,.,.,.,.,.,.,.,.,.,.,.,.,.,.,.,b,b,b,.,.,.,.,.,.,.,.,.,.,.,.,.,.,.,.,.,.,.,.,.,.,.,.,b,b,.,.,.,.,.,.,#
#,.,.,.,.,.,.,.,.,.,.,.,.,.,.,.,.,.,.,.,.,.,.,.,.,.,.,.,.,.,.,.,.,.,.,.,.,.,.,.,.,.,.,.,.,.,.,.,.,.,.,.,.,.,.,.,.,.,.,#
#,.,.,.,.,.,.,.,.,.,.,.,.,.,.,.,.,.,.,.,.,.,.,.,.,.,.,.,.,.,.,.,.,.,.,.,.,.,.,.,.,b,b,.,.,.,.,.,.,.,.,.,.,.,.,.,.,.,.,#
#,.,.,.,S,.,.,.,.,.,.,.,.,X,.,.,.,.,.,.,.,.,.,.,.,.,.,.,.,.,.,.,.,.,.,.,.,.,.,.,.,b,b,.,.,.,X,.,.,.,.,.,.,.,.,S,.,.,.,#
#,.,.,.,.,.,.,.,.,.,.,.,.,.,.,.,.,.,.,.,.,.,.,.,.,.,.,.,.,.,.,.,.,.,.,.,.,.,.,.,.,b,b,.,.,.,.,.,.,.,.,.,.,.,.,.,.,.,.,#
#,.,.,.,.,.,.,.,.,.,.,.,.,.,.,.,.,.,.,.,.,.,.,.,.,.,.,.,.,.,.,.,.,.,.,.,.,.,.,.,.,#,#,.,.,.,.,.,.,.,.,.,.,.,.,.,.,.,.,#
#,.,.,.,.,.,.,.,.,.,.,.,.,.,.,.,.,.,.,.,.,.,.,.,.,.,.,.,.,.,.,.,.,.,.,.,.,.,.,.,.,#,#,.,.,.,.,.,.,.,.,.,.,.,.,.,.,.,.,#
#,.,.,.,.,.,.,.,.,.,.,.,.,.,.,.,.,.,.,.,.,.,.,.,.,.,.,.,.,.,.,.,.,.,.,.,.,.,.,.,.,.,.,.,.,.,.,.,b,b,.,.,.,.,.,.,.,.,.,#
#,.,.,.,.,.,.,.,.,.,.,.,.,.,.,.,.,.,.,.,.,.,.,.,.,.,.,.,.,.,.,.,.,.,.,.,.,.,.,.,.,.,.,.,.,.,.,.,b,b,.,.,.,.,.,.,.,.,.,#
#,.,.,.,.,.,.,.,.,.,.,.,.,.,X,.,.,.,.,.,.,.,.,.,.,.,.,.,.,.,.,.,.,.,.,.,.,.,.,.,.,.,.,.,.,X,.,.,.,.,.,.,.,.,.,.,.,.,.,#
#,.,.,.,.,.,.,#,#,#,.,.,.,.,.,.,.,.,.,.,.,.,.,.,.,.,.,.,.,.,.,.,.,.,.,.,.,.,.,.,.,.,.,.,.,.,.,.,.,.,.,.,.,.,.,.,.,.,.,#
#,.,.,.,.,.,.,#,#,#,.,.,.,.,.,.,.,.,.,.,.,.,.,.,.,.,.,.,.,.,.,.,.,.,.,.,.,.,.,.,.,.,.,.,.,.,.,.,.,.,.,.,.,.,.,.,.,.,.,#
#,.,.,.,.,.,S,#,#,#,.,.,.,.,.,.,.,.,.,.,.,.,.,.,.,.,.,.,.,.,.,b,b,b,.,.,.,.,.,.,.,.,.,.,.,.,.,.,.,.,.,.,.,S,.,.,.,.,.,#
#,.,.,.,.,.,#,#,#,#,.,.,.,.,.,.,.,.,.,.,.,.,.,.,.,.,.,.,.,.,.,b,b,b,.,.,.,.,.,.,.,.,.,.,.,.,.,.,.,.,.,.,.,.,.,.,.,.,.,#
#,.,.,.,.,.,#,#,#,#,.,.,.,.,.,.,.,.,X,.,.,.,.,.,.,.,.,.,.,.,.,b,b,b,.,.,.,.,.,.,.,X,.,.,.,.,.,.,.,.,.,.,.,.,.,.,.,.,.,#
#,.,.,.,.,.,#,#,#,#,.,.,.,.,.,.,.,.,.,.,.,.,.,.,.,.,.,.,.,.,.,.,.,.,.,.,.,.,.,.,.,.,.,.,.,.,.,.,.,.,.,.,.,.,.,.,.,.,.,#
#,.,.,.,.,.,.,.,b,b,.,.,.,.,.,.,.,.,.,.,.,.,.,.,.,.,.,.,.,.,.,.,.,.,.,.,.,.,.,.,.,.,.,.,.,.,.,.,.,.,.,.,.,.,.,.,.,.,.,#
#,.,.,.,.,.,#,#,b,b,.,.,.,.,.,.,.,.,.,.,.,.,.,.,.,.,.,.,.,.,.,.,.,.,.,.,.,.,.,.,.,.,.,.,.,.,.,.,.,.,.,.,.,.,.,.,.,.,.,#
#,.,.,.,.,.,#,#,b,b,.,.,.,.,.,.,.,.,.,.,.,.,.,X,.,.,.,.,.,.,.,.,.,.,.,.,X,.,.,.,.,.,.,.,.,.,.,.,.,.,.,.,.,.,.,.,.,.,.,#
#,.,.,.,.,.,#,#,#,.,.,.,.,.,.,.,.,.,.,.,.,.,.,.,.,.,.,.,.,.,X,.,.,.,.,.,.,.,.,.,.,.,.,.,.,.,.,.,.,.,.,.,#,#,.,.,.,.,.,#
#,.,.,.,.,.,.,.,.,.,.,.,.,.,.,.,.,.,.,.,.,.,.,.,.,.,.,.,.,.,#,#,.,.,.,.,.,.,.,.,.,.,.,.,.,.,.,.,.,.,.,.,#,#,.,.,.,.,.,#
#,.,.,.,.,.,.,.,.,.,.,S,.,.,.,.,.,.,.,.,.,.,.,.,.,.,.,.,.,.,#,#,.,.,.,.,.,.,.,.,.,.,.,.,.,.,.,.,S,.,.,.,#,#,.,.,.,.,.,#
#,.,.,.,.,.,.,.,.,.,.,.,.,.,.,.,.,.,.,.,.,.,.,.,.,.,.,.,.,.,.,.,.,.,.,.,.,.,.,.,.,.,.,.,.,.,.,.,.,.,.,.,.,.,.,.,.,.,.,#
#,.,.,.,.,.,.,.,.,.,.,.,.,.,.,.,.,.,.,.,.,.,.,.,.,.,.,.,.,.,.,.,.,.,.,.,.,.,.,.,.,.,.,.,.,.,.,.,.,.,.,.,.,.,.,.,.,.,.,#
#,.,.,.,.,.,.,.,.,.,.,.,.,.,.,.,.,.,.,.,.,.,.,.,.,.,.,.,.,.,.,.,.,.,.,.,.,.,.,.,.,.,.,.,.,.,.,.,.,.,.,.,.,.,.,.,.,.,.,#
#,.,.,.,.,.,.,b,b,.,.,.,.,.,.,.,.,.,.,.,#,#,#,.,.,.,.,.,.,.,.,.,.,.,.,.,.,.,.,.,.,.,.,.,.,.,.,.,.,.,.,.,.,.,.,.,.,.,.,#
#,.,.,.,.,.,.,b,b,.,.,.,.,.,.,.,.,.,.,.,S,#,#,.,.,.,.,b,b,.,.,b,b,.,.,.,.,.,.,S,.,.,.,.,.,.,.,.,.,.,.,.,.,.,.,.,.,.,.,#
#,.,.,.,.,.,.,b,b,.,.,.,.,.,.,.,.,.,.,.,.,.,.,.,.,.,.,b,b,.,.,b,b,.,.,.,.,.,.,.,.,.,.,.,.,.,.,.,.,.,.,.,.,.,.,.,.,.,.,#
#,.,.,.,.,.,.,.,.,.,.,.,.,.,.,.,.,.,.,.,.,.,.,.,.,.,.,b,b,.,S,b,b,.,.,.,.,.,.,.,.,.,.,.,.,.,.,.,.,.,.,.,.,.,.,.,.,.,.,#
#,.,.,.,.,.,.,.,.,.,.,.,.,.,.,.,.,.,.,.,.,.,.,.,.,.,.,.,.,.,.,.,.,.,.,.,.,.,.,.,.,.,.,.,.,.,.,.,.,.,.,.,.,.,.,.,.,.,.,#
#,.,.,.,.,.,.,.,.,.,.,.,.,.,.,.,.,.,.,.,.,.,.,.,.,.,.,.,.,.,.,.,.,.,.,.,.,.,.,.,.,.,.,.,.,.,.,.,.,.,.,.,.,.,.,.,.,.,.,#
#,.,.,.,.,.,.,.,.,.,.,.,.,.,.,.,.,.,.,.,.,.,.,.,.,.,.,.,.,.,.,.,.,.,.,.,.,.,.,.,.,.,.,.,.,.,.,.,.,.,.,.,.,.,.,.,.,.,.,#
#,#,#,#,#,#,#,#,#,#,#,#,#,#,#,#,#,#,#,#,#,#,#,#,#,#,#,#,#,#,#,#,#,#,#,#,#,#,#,#,#,#,#,#,#,#,#,#,#,#,#,#,#,#,#,#,#,#,#,#
