b,b,b,.,.,.,.,.,.,b,b,b,b,b,.,.,.,.,.,b,b,#,b,.,.,.,.,.,.,.,.,.,.,.,.,.,#,.,.,.,.,.,b,b,b,b,b,b,b,b,b,b,b,b,b,b,b,b,b,b
b,b,.,.,.,.,.,.,.,.,b,b,b,.,.,.,.,.,.,.,b,b,b,.,.,.,b,.,.,.,.,.,.,.,.,.,.,.,.,.,.,.,.,.,b,b,b,b,b,b,b,b,b,b,b,b,b,b,b,b
b,.,.,.,.,.,.,#,.,.,b,b,.,.,.,.,.,.,.,.,.,.,.,.,.,.,b,b,.,.,.,.,.,.,.,.,.,.,.,.,.,.,.,.,.,#,#,#,#,#,#,#,#,#,.,b,b,b,b,b
b,.,.,.,.,.,.,.,.,.,b,b,b,.,.,.,.,.,.,.,.,.,.,.,#,.,.,.,.,#,.,.,.,#,.,.,.,.,.,#,.,.,.,.,.,.,.,.,.,.,.,.,.,.,.,.,b,b,b,b
.,.,.,.,.,.,.,.,.,.,.,b,b,.,.,.,.,.,.,.,.,.,.,.,.,.,.,.,.,.,.,.,.,.,.,.,.,.,.,.,.,.,.,.,.,.,.,.,.,.,.,.,.,.,.,.,.,b,b,b
.,.,.,.,.,.,S,.,.,.,.,b,b,.,.,.,.,.,.,.,b,#,.,.,.,.,S,.,.,.,.,.,.,.,.,.,.,.,.,.,.,.,.,.,.,.,#,.,.,.,.,.,.,.,#,.,.,b,b,b
.,.,.,.,.,.,.,.,.,.,.,#,b,.,.,.,.,#,.,.,b,#,.,.,.,.,.,.,.,.,b,#,#,.,.,.,.,.,.,.,.,.,.,S,.,.,.,.,.,.,.,.,.,.,.,.,.,b,b,b
b,b,b,.,.,.,.,.,.,.,.,#,.,.,.,.,.,.,.,.,.,#,.,.,.,.,.,.,.,b,b,#,#,.,.,.,.,#,.,.,.,.,.,.,.,.,.,.,.,#,.,.,.,.,.,.,.,b,b,b
#,#,#,#,#,.,.,.,.,.,.,#,.,.,.,.,.,.,.,.,.,#,.,.,#,b,.,.,.,#,#,#,#,.,.,.,.,.,.,.,.,#,.,.,.,.,.,.,.,#,.,.,.,.,.,.,.,.,b,b
b,b,.,.,.,.,.,.,#,.,.,#,b,.,.,.,.,.,.,.,.,#,.,.,.,.,.,.,.,#,#,.,b,.,.,.,.,.,.,.,.,.,.,.,.,.,.,.,.,#,.,.,.,.,.,.,.,.,b,b
b,.,.,.,.,.,.,.,.,.,.,#,b,b,.,.,.,.,.,.,.,#,.,.,.,.,.,.,.,#,b,b,b,.,.,.,.,.,.,.,.,.,.,.,.,.,.,.,.,#,.,.,.,.,.,.,.,.,b,b
.,.,.,.,.,.,.,.,.,.,.,#,#,#,#,.,.,#,#,#,#,#,#,#,#,.,.,.,.,.,.,.,.,#,.,.,.,.,.,.,.,#,#,#,#,#,#,#,#,#,.,.,.,.,.,.,#,#,#,#
.,.,.,.,.,.,.,.,.,.,.,#,.,.,.,.,.,b,b,b,b,b,b,b,b,.,.,.,.,.,.,.,.,.,.,.,.,.,.,.,.,b,b,b,b,b,.,.,.,.,.,.,.,.,.,.,.,.,b,b
.,.,.,.,#,.,b,b,b,.,.,.,.,.,.,.,.,.,.,.,.,.,.,.,.,.,.,.,.,.,.,.,.,.,.,.,.,.,.,.,.,.,.,.,.,.,.,.,.,.,.,.,.,.,.,.,.,.,b,b
.,.,.,.,.,.,.,b,b,.,.,.,.,.,.,.,.,.,.,.,.,.,.,.,.,#,.,.,.,.,.,#,.,.,.,.,.,.,.,.,.,.,.,.,#,.,.,.,.,#,.,.,.,.,.,.,.,.,b,b
b,.,.,.,.,.,b,.,b,.,.,.,.,#,.,.,.,.,.,.,.,.,.,.,.,.,.,.,.,.,.,.,.,.,.,.,.,.,.,.,.,.,.,.,.,.,.,.,.,.,.,.,.,S,.,.,.,.,b,b
b,.,.,.,.,.,b,b,b,.,.,.,.,.,.,.,.,.,.,.,.,.,.,.,.,.,.,.,.,.,.,.,.,.,.,.,#,.,.,.,.,.,.,.,.,.,.,.,.,.,.,.,.,.,.,.,.,#,b,b
b,.,.,.,.,.,.,.,.,.,.,.,.,.,.,.,.,.,.,.,.,.,.,.,.,.,.,.,.,.,.,.,.,.,.,.,.,.,.,.,.,.,.,.,.,.,.,.,.,.,.,.,.,#,.,.,.,b,b,b
b,.,.,.,.,.,.,.,.,.,.,.,.,.,.,.,.,.,.,.,.,#,#,#,#,b,.,.,#,#,.,.,.,.,.,.,.,.,.,#,.,.,.,.,.,.,.,#,.,.,.,b,b,b,b,b,b,b,b,b
b,b,.,.,.,.,#,.,.,#,#,#,#,#,#,#,.,.,.,.,.,.,#,#,b,b,.,.,.,.,.,.,.,.,.,.,.,.,.,.,.,b,b,b,b,b,b,b,b,b,b,b,b,b,b,b,b,b,b,b
b,b,.,.,.,.,.,.,.,.,.,.,b,b,b,#,.,.,.,.,.,.,.,#,b,.,.,.,.,.,.,.,.,.,.,b,b,b,b,b,b,b,b,b,b,b,b,b,b,b,b,b,b,b,b,b,b,b,b,b
b,b,.,.,.,.,.,.,.,.,.,.,.,.,b,#,.,.,.,#,.,.,.,#,b,.,.,.,.,.,#,.,.,.,b,b,b,b,b,b,b,b,b,b,b,b,b,b,b,b,b,b,b,b,b,b,b,b,b,b
b,b,.,.,.,.,.,.,.,#,.,.,.,.,.,.,.,.,.,.,.,.,.,#,.,.,.,.,.,.,.,.,.,b,b,b,b,b,b,b,b,b,b,b,b,b,b,b,b,b,b,b,b,b,b,b,b,b,b,b
b,b,b,.,.,.,.,.,.,.,.,.,.,.,.,.,.,.,.,.,.,.,.,#,.,.,#,.,.,.,.,.,.,b,b,~,~,~,~,~,~,b,b,b,b,b,b,b,b,b,b,b,b,b,b,b,b,b,b,~
b,b,b,.,.,.,S,.,.,.,.,.,.,.,.,.,.,.,.,#,.,.,.,.,.,.,.,.,.,.,.,.,.,b,b,~,~,~,~,~,~,~,b,b,b,b,b,b,b,b,b,b,b,b,b,b,b,b,~,~
b,b,b,b,.,.,.,.,.,.,.,.,.,.,.,.,.,.,.,.,.,.,.,.,.,.,.,.,.,.,.,.,.,.,b,~,~,~,~,~,~,~,~,~,~,~,~,~,~,~,~,~,~,~,~,~,~,~,~,~
b,b,b,b,.,.,.,.,.,.,.,.,#,.,.,#,.,.,.,.,.,.,.,.,.,.,.,.,.,.,.,.,.,.,b,.,.,~,~,~,~,~,~,~,~,~,~,~,~,~,~,~,~,~,~,~,~,~,~,~
b,b,b,b,b,.,.,.,.,.,.,.,.,.,.,.,.,.,.,#,.,.,.,.,.,.,.,.,.,.,.,.,.,.,.,.,.,.,~,~,~,~,~,~,~,~,~,~,~,~,~,~,~,~,~,~,~,~,~,~
b,b,b,b,b,b,#,.,.,.,.,.,.,.,.,.,.,.,.,.,.,.,.,.,.,.,.,.,.,.,.,.,.,.,.,.,.,.,~,~,~,~,~,~,~,~,~,~,~,~,~,~,~,~,~,~,~,~,~,~
b,b,b,b,b,b,b,b,b,.,.,.,.,.,.,.,.,.,.,.,.,.,.,.,.,.,.,.,.,.,.,.,.,.,.,.,.,.,.,~,~,~,~,~,~,~,~,~,~,~,~,~,~,~,~,~,~,~,~,~
~,~,b,b,b,b,b,b,b,b,b,.,.,.,.,.,.,.,.,.,.,~,~,~,~,.,.,.,.,.,.,.,.,.,.,.,.,.,.,.,.,.,.,.,.,.,#,b,b,b,b,.,.,.,.,~,~,~,~,~
~,~,~,b,b,b,b,b,b,b,b,b,b,.,~,~,~,~,~,~,~,~,~,~,~,.,.,.,.,.,.,.,.,.,.,.,.,.,.,.,.,.,.,.,.,.,#,b,b,.,.,.,.,.,.,.,.,~,~,~
~,~,~,~,~,~,~,~,~,~,~,~,~,~,~,~,~,~,~,~,~,~,~,~,~,.,.,.,.,.,.,.,.,.,.,.,.,.,.,.,.,#,.,.,.,.,#,b,b,.,.,.,.,.,.,.,.,b,~,~
~,~,~,~,~,~,~,~,~,~,~,~,~,~,~,~,~,~,~,~,~,~,~,~,~,.,.,.,.,.,.,.,.,.,.,.,.,.,.,.,.,.,.,.,.,.,#,b,b,.,.,.,.,.,.,.,.,b,b,b
~,~,~,~,~,~,~,~,~,~,~,~,~,~,~,~,~,~,~,~,~,~,~,~,.,.,.,.,.,.,.,.,.,.,.,.,.,.,.,.,.,.,.,.,.,.,.,b,b,.,.,.,.,.,.,.,.,.,b,b
~,~,~,~,~,~,~,~,~,~,~,~,~,~,b,b,b,b,b,b,.,.,.,.,.,.,.,.,.,.,.,.,.,.,.,.,.,.,.,.,.,.,.,.,.,.,.,b,b,.,.,#,.,.,.,#,.,.,b,b
~,~,b,b,b,b,b,b,b,b,b,b,b,b,b,b,.,.,.,.,.,.,.,.,.,.,.,.,.,.,.,.,.,.,.,.,.,.,.,.,.,.,.,#,.,.,b,b,b,.,.,.,.,.,.,.,.,.,b,b
~,b,b,b,b,b,b,b,.,.,b,b,b,b,b,.,.,.,.,.,#,#,#,.,.,b,#,#,#,#,#,#,#,.,.,.,.,.,.,.,.,.,.,.,.,.,b,b,.,.,.,.,.,.,.,.,.,.,.,b
b,b,b,b,.,.,.,.,.,.,.,b,b,b,b,.,.,.,.,.,b,b,#,.,.,b,b,b,b,.,.,.,.,.,.,#,.,.,.,.,.,.,.,.,.,.,.,.,.,.,.,.,.,.,.,.,.,S,.,b
b,b,b,.,.,.,.,.,.,.,.,.,b,b,b,#,.,.,.,.,.,b,#,.,.,.,.,.,.,.,.,.,.,.,.,.,.,.,.,.,.,.,.,.,.,.,.,.,.,.,.,.,.,.,.,.,.,.,.,b
b,b,#,.,.,.,#,.,.,.,.,.,b,b,b,#,.,.,.,.,.,.,#,.,.,.,.,.,.,.,.,.,.,.,.,.,.,.,.,.,.,#,.,.,.,.,#,.,.,.,.,.,.,.,.,.,.,.,.,b
b,b,.,.,.,.,.,.,.,.,.,.,b,b,b,#,.,.,.,.,.,.,#,.,.,#,.,.,.,.,.,.,.,.,.,.,.,.,.,.,.,.,.,.,.,.,.,.,.,.,.,.,.,.,.,.,.,.,.,.
b,b,.,.,.,.,.,.,.,.,.,#,b,b,b,#,.,.,.,.,.,.,.,.,.,.,.,.,.,#,.,.,.,.,.,.,#,.,.,.,.,.,.,.,.,.,.,.,.,.,#,.,.,.,.,.,.,#,.,.
b,.,.,.,.,.,.,.,.,.,.,.,.,b,b,#,.,.,.,.,.,.,.,.,.,.,.,.,.,.,.,.,.,.,.,.,.,.,.,.,.,.,.,.,.,.,.,.,.,.,.,.,.,#,.,.,.,.,.,.
b,.,.,.,.,.,.,.,.,.,.,.,.,b,b,#,#,#,b,.,#,.,.,.,.,.,.,.,.,.,.,b,b,.,.,.,.,.,.,.,.,.,b,.,.,.,.,.,.,.,.,.,.,.,.,.,.,.,.,.
#,#,#,#,#,#,#,#,.,.,.,.,.,b,b,b,b,b,b,.,#,.,.,.,.,.,.,.,.,b,b,b,b,b,.,.,.,.,.,.,b,b,b,b,.,.,.,b,b,b,.,.,.,.,.,.,.,.,.,.
#,.,.,.,.,.,.,.,.,.,.,.,.,.,b,b,b,.,.,.,#,.,.,.,.,#,.,.,.,b,b,b,b,b,b,b,b,b,b,b,b,b,b,b,.,.,b,b,b,#,#,.,.,.,.,.,.,.,.,.
.,.,.,.,.,.,S,.,.,.,#,.,.,.,b,b,.,.,.,.,#,.,.,.,.,.,.,.,.,b,b,#,#,#,.,.,.,.,#,#,#,b,b,b,#,#,b,b,#,#,#,#,#,#,.,b,.,#,#,#
.,.,.,#,.,.,.,.,.,.,.,.,.,.,.,.,.,#,.,.,.,.,.,.,.,.,.,.,.,.,b,b,b,b,b,b,b,b,b,b,b,b,b,b,.,.,b,b,b,#,#,.,.,.,.,b,b,b,b,#
b,.,.,.,.,.,.,.,.,.,.,.,.,.,.,.,.,.,.,.,.,.,.,.,.,.,.,.,.,.,.,.,.,b,b,b,b,b,b,b,b,b,b,b,.,.,.,.,b,#,.,.,.,.,.,.,b,b,b,b
b,b,.,.,.,.,.,.,.,.,.,.,.,.,.,.,.,.,.,.,.,.,.,.,.,.,.,#,.,.,.,.,.,.,.,.,.,.,.,.,b,b,b,.,.,.,.,.,.,#,.,.,.,#,.,.,.,.,b,b
#,b,.,#,#,#,#,#,#,#,.,.,.,.,.,.,.,.,.,.,.,.,.,.,.,.,.,.,.,.,.,.,#,.,.,.,.,.,.,.,.,.,b,.,.,#,.,.,.,#,.,.,.,.,.,.,.,.,.,b
b,b,.,.,.,.,b,b,b,#,.,.,.,.,.,.,.,.,.,.,.,#,#,#,#,.,.,.,.,.,.,.,.,.,.,.,.,.,#,.,.,.,b,.,.,.,.,.,.,.,.,.,.,.,.,.,.,.,.,b
b,.,.,.,.,.,.,.,b,b,.,.,.,.,#,.,.,.,.,.,.,b,b,.,.,.,.,.,#,.,.,.,.,.,.,.,.,.,.,.,.,.,#,.,.,.,.,S,.,.,.,.,.,#,.,.,.,.,.,b
.,.,.,.,.,.,.,.,.,.,.,.,.,.,.,.,.,.,.,b,b,b,.,.,.,.,.,.,.,.,.,.,.,.,S,.,.,.,.,.,.,.,.,.,.,.,.,.,.,.,.,.,.,.,.,.,.,.,.,.
.,.,.,.,.,.,.,.,.,#,.,.,.,.,.,S,.,.,.,.,b,b,.,.,.,#,.,.,.,.,.,.,.,.,.,.,.,.,.,.,.,.,.,.,.,.,.,.,.,.,.,.,.,.,.,.,.,.,.,.
b,.,.,.,.,.,.,.,.,#,b,.,.,.,.,.,.,.,.,.,b,b,.,.,.,.,.,.,.,.,.,.,.,.,.,.,.,.,.,.,.,.,.,.,.,.,.,.,#,.,.,.,.,.,.,.,.,.,.,.
b,b,.,.,.,.,.,.,b,b,b,.,.,.,#,.,.,.,.,.,#,b,b,.,.,.,.,.,.,b,b,.,.,.,.,#,.,.,.,.,.,.,#,.,.,.,.,.,.,.,.,.,.,.,.,.,.,.,.,#
b,b,.,.,.,.,.,b,b,b,b,.,.,.,.,.,.,.,.,.,#,b,b,b,.,.,.,.,.,.,b,.,.,.,.,.,.,.,.,.,.,b,#,.,.,.,.,.,.,.,.,.,.,.,.,.,.,b,b,b
b,b,b,b,#,b,b,b,b,b,b,b,.,.,.,.,.,#,.,.,#,#,#,b,b,b,b,.,.,#,b,b,.,.,.,.,.,.,.,#,b,b,#,b,.,.,.,.,#,.,.,.,.,.,.,b,b,b,b,b
